Id,ID_Pedido,ID_Factura,Supermercado,Ciudad,Tipo_cliente,Sexo,Linea_negocio,Precio_unitario,Cantidad,Total,IVA,Fecha,Pago
204,46547,bytearray(b'46547-C2'),bytearray(b'El Cercano'),bytearray(b'Pontevedra'),bytearray(b'Existente'),Mujer,bytearray(b'Supermercado'),500.853,50,25042.7,5258.96,1991-02-18,bytearray(b'Efectivo')
187,10018,bytearray(b'10018-C3'),bytearray(b'El Caro'),bytearray(b'Nigr\xc3\xa1n'),bytearray(b'Nuevo'),Mujer,bytearray(b'Cocinas'),564.414,93,52490.5,11023.0,1988-02-18,bytearray(b'Efectivo')
186,10018,bytearray(b'10018-C2'),bytearray(b'Perfumes Olorosos'),bytearray(b'Vigo'),bytearray(b'Nuevo'),Mujer,bytearray(b'Belleza y perfumer\xc3\xada'),352.334,58,20435.3,4291.42,1988-02-18,bytearray(b'Efectivo')
185,10018,bytearray(b'10018-C1'),bytearray(b'El Cercano'),bytearray(b'Pontevedra'),bytearray(b'Nuevo'),Mujer,bytearray(b'Supermercado'),789.96,58,45817.7,9621.71,1988-02-18,bytearray(b'Efectivo')
184,6777,bytearray(b'6777-C9'),bytearray(b'El Cercano'),bytearray(b'Pontevedra'),bytearray(b'Existente'),Mujer,bytearray(b'Supermercado'),154.802,12,1857.63,390.102,1970-02-16,bytearray(b'Transferencia bancaria')
183,6777,bytearray(b'6777-C8'),bytearray(b'El Caro'),bytearray(b'Nigr\xc3\xa1n'),bytearray(b'Existente'),Mujer,bytearray(b'Cocinas'),403.772,13,5249.03,1102.3,1970-02-16,bytearray(b'Transferencia bancaria')
182,6777,bytearray(b'6777-C7'),bytearray(b'Perfumes Olorosos'),bytearray(b'Vigo'),bytearray(b'Existente'),Mujer,bytearray(b'Belleza y perfumer\xc3\xada'),636.537,64,40738.3,8555.05,1970-02-16,bytearray(b'Transferencia bancaria')
181,6777,bytearray(b'6777-C6'),bytearray(b'El Primero'),bytearray(b'Vigo'),bytearray(b'Existente'),Mujer,bytearray(b'Supermercado'),139.54,41,5721.13,1201.44,1970-02-16,bytearray(b'Transferencia bancaria')
180,6777,bytearray(b'6777-C5'),bytearray(b'Mercer\xc3\xada Coso'),bytearray(b'A Coru\xc3\xb1a'),bytearray(b'Existente'),Mujer,bytearray(b'Otros'),908.322,46,41782.8,8774.39,1970-02-16,bytearray(b'Transferencia bancaria')
179,6777,bytearray(b'6777-C4'),bytearray(b'Perfumes Olorosos'),bytearray(b'Vigo'),bytearray(b'Existente'),Mujer,bytearray(b'Belleza y perfumer\xc3\xada'),916.711,35,32084.9,6737.83,1970-02-16,bytearray(b'Transferencia bancaria')
178,6777,bytearray(b'6777-C3'),bytearray(b'Mercer\xc3\xada Coso'),bytearray(b'A Coru\xc3\xb1a'),bytearray(b'Existente'),Mujer,bytearray(b'Otros'),700.064,19,13301.2,2793.26,1970-02-16,bytearray(b'Transferencia bancaria')
177,6777,bytearray(b'6777-C2'),bytearray(b'Mercer\xc3\xada Coso'),bytearray(b'A Coru\xc3\xb1a'),bytearray(b'Existente'),Mujer,bytearray(b'Otros'),525.904,34,17880.7,3754.95,1970-02-16,bytearray(b'Transferencia bancaria')
176,6777,bytearray(b'6777-C1'),bytearray(b'Perfumes Olorosos'),bytearray(b'Vigo'),bytearray(b'Existente'),Mujer,bytearray(b'Belleza y perfumer\xc3\xada'),60.6069,63,3818.24,801.83,1970-02-16,bytearray(b'Transferencia bancaria')
188,10018,bytearray(b'10018-C4'),bytearray(b'Mercer\xc3\xada Coso'),bytearray(b'A Coru\xc3\xb1a'),bytearray(b'Nuevo'),Mujer,bytearray(b'Otros'),54.6321,55,3004.77,631.001,1988-02-18,bytearray(b'Efectivo')
189,10018,bytearray(b'10018-C5'),bytearray(b'El Primero'),bytearray(b'Vigo'),bytearray(b'Nuevo'),Mujer,bytearray(b'Supermercado'),483.701,42,20315.4,4266.24,1988-02-18,bytearray(b'Efectivo')
190,10018,bytearray(b'10018-C6'),bytearray(b'El Cercano'),bytearray(b'Pontevedra'),bytearray(b'Nuevo'),Mujer,bytearray(b'Supermercado'),574.514,79,45386.6,9531.19,1988-02-18,bytearray(b'Efectivo')
203,46547,bytearray(b'46547-C1'),bytearray(b'Mercer\xc3\xada Coso'),bytearray(b'A Coru\xc3\xb1a'),bytearray(b'Existente'),Mujer,bytearray(b'Otros'),859.126,96,82476.1,17320.0,1991-02-18,bytearray(b'Efectivo')
202,31627,bytearray(b'31627-C10'),bytearray(b'Perfumes Olorosos'),bytearray(b'Vigo'),bytearray(b'Existente'),Mujer,bytearray(b'Belleza y perfumer\xc3\xada'),140.709,5,703.543,147.744,2000-02-28,bytearray(b'Transferencia bancaria')
201,31627,bytearray(b'31627-C9'),bytearray(b'Mercer\xc3\xada Coso'),bytearray(b'A Coru\xc3\xb1a'),bytearray(b'Existente'),Mujer,bytearray(b'Otros'),673.757,83,55921.8,11743.6,2000-02-28,bytearray(b'Transferencia bancaria')
200,31627,bytearray(b'31627-C8'),bytearray(b'Mercer\xc3\xada Coso'),bytearray(b'A Coru\xc3\xb1a'),bytearray(b'Existente'),Mujer,bytearray(b'Otros'),662.424,17,11261.2,2364.85,2000-02-28,bytearray(b'Transferencia bancaria')
199,31627,bytearray(b'31627-C7'),bytearray(b'El Caro'),bytearray(b'Nigr\xc3\xa1n'),bytearray(b'Existente'),Mujer,bytearray(b'Cocinas'),551.937,41,22629.4,4752.18,2000-02-28,bytearray(b'Transferencia bancaria')
198,31627,bytearray(b'31627-C6'),bytearray(b'El Cercano'),bytearray(b'Pontevedra'),bytearray(b'Existente'),Mujer,bytearray(b'Supermercado'),775.474,82,63588.9,13353.7,2000-02-28,bytearray(b'Transferencia bancaria')
197,31627,bytearray(b'31627-C5'),bytearray(b'El Cercano'),bytearray(b'Pontevedra'),bytearray(b'Existente'),Mujer,bytearray(b'Supermercado'),81.3323,14,1138.65,239.117,2000-02-28,bytearray(b'Transferencia bancaria')
196,31627,bytearray(b'31627-C4'),bytearray(b'El Cercano'),bytearray(b'Pontevedra'),bytearray(b'Existente'),Mujer,bytearray(b'Supermercado'),128.055,21,2689.15,564.721,2000-02-28,bytearray(b'Transferencia bancaria')
195,31627,bytearray(b'31627-C3'),bytearray(b'Perfumes Olorosos'),bytearray(b'Vigo'),bytearray(b'Existente'),Mujer,bytearray(b'Belleza y perfumer\xc3\xada'),849.909,53,45045.2,9459.49,2000-02-28,bytearray(b'Transferencia bancaria')
194,31627,bytearray(b'31627-C2'),bytearray(b'El Caro'),bytearray(b'Nigr\xc3\xa1n'),bytearray(b'Existente'),Mujer,bytearray(b'Cocinas'),214.574,20,4291.48,901.211,2000-02-28,bytearray(b'Transferencia bancaria')
192,10018,bytearray(b'10018-C8'),bytearray(b'El Cercano'),bytearray(b'Pontevedra'),bytearray(b'Nuevo'),Mujer,bytearray(b'Supermercado'),661.17,25,16529.2,3471.14,1988-02-18,bytearray(b'Efectivo')
191,10018,bytearray(b'10018-C7'),bytearray(b'El Cercano'),bytearray(b'Pontevedra'),bytearray(b'Nuevo'),Mujer,bytearray(b'Supermercado'),24.3749,56,1365.0,286.649,1988-02-18,bytearray(b'Efectivo')
175,37331,bytearray(b'37331-C10'),bytearray(b'El Caro'),bytearray(b'Nigr\xc3\xa1n'),bytearray(b'Nuevo'),Mujer,bytearray(b'Cocinas'),751.282,13,9766.67,2051.0,2002-10-30,bytearray(b'Tarjeta cr\xc3\xa9dito')
174,37331,bytearray(b'37331-C9'),bytearray(b'Mercer\xc3\xada Coso'),bytearray(b'A Coru\xc3\xb1a'),bytearray(b'Nuevo'),Mujer,bytearray(b'Otros'),881.258,35,30844.0,6477.25,2002-10-30,bytearray(b'Tarjeta cr\xc3\xa9dito')
173,37331,bytearray(b'37331-C8'),bytearray(b'El Cercano'),bytearray(b'Pontevedra'),bytearray(b'Nuevo'),Mujer,bytearray(b'Supermercado'),73.3846,91,6678.0,1402.38,2002-10-30,bytearray(b'Tarjeta cr\xc3\xa9dito')
143,22397,bytearray(b'22397-C2'),bytearray(b'Mercer\xc3\xada Coso'),bytearray(b'A Coru\xc3\xb1a'),bytearray(b'Existente'),Mujer,bytearray(b'Otros'),878.354,59,51822.9,10882.8,1983-01-21,bytearray(b'Transferencia bancaria')
142,22397,bytearray(b'22397-C1'),bytearray(b'El Caro'),bytearray(b'Nigr\xc3\xa1n'),bytearray(b'Existente'),Mujer,bytearray(b'Cocinas'),871.178,96,83633.1,17563.0,1983-01-21,bytearray(b'Transferencia bancaria')
141,33380,bytearray(b'33380-C5'),bytearray(b'El Caro'),bytearray(b'Nigr\xc3\xa1n'),bytearray(b'Nuevo'),Mujer,bytearray(b'Cocinas'),301.479,62,18691.7,3925.26,2004-10-06,bytearray(b'Efectivo')
140,33380,bytearray(b'33380-C4'),bytearray(b'El Primero'),bytearray(b'Vigo'),bytearray(b'Nuevo'),Mujer,bytearray(b'Supermercado'),603.568,17,10260.6,2154.74,2004-10-06,bytearray(b'Efectivo')
139,33380,bytearray(b'33380-C3'),bytearray(b'Perfumes Olorosos'),bytearray(b'Vigo'),bytearray(b'Nuevo'),Mujer,bytearray(b'Belleza y perfumer\xc3\xada'),406.775,82,33355.5,7004.66,2004-10-06,bytearray(b'Efectivo')
138,33380,bytearray(b'33380-C2'),bytearray(b'Mercer\xc3\xada Coso'),bytearray(b'A Coru\xc3\xb1a'),bytearray(b'Nuevo'),Mujer,bytearray(b'Otros'),652.564,66,43069.2,9044.54,2004-10-06,bytearray(b'Efectivo')
137,33380,bytearray(b'33380-C1'),bytearray(b'Perfumes Olorosos'),bytearray(b'Vigo'),bytearray(b'Nuevo'),Mujer,bytearray(b'Belleza y perfumer\xc3\xada'),910.569,24,21853.7,4589.27,2004-10-06,bytearray(b'Efectivo')
136,22315,bytearray(b'22315-C6'),bytearray(b'El Cercano'),bytearray(b'Pontevedra'),bytearray(b'Nuevo'),Mujer,bytearray(b'Supermercado'),465.262,76,35359.9,7425.57,1971-08-24,bytearray(b'Efectivo')
135,22315,bytearray(b'22315-C5'),bytearray(b'El Caro'),bytearray(b'Nigr\xc3\xa1n'),bytearray(b'Nuevo'),Mujer,bytearray(b'Cocinas'),646.054,74,47808.0,10039.7,1971-08-24,bytearray(b'Efectivo')
134,22315,bytearray(b'22315-C4'),bytearray(b'Perfumes Olorosos'),bytearray(b'Vigo'),bytearray(b'Nuevo'),Mujer,bytearray(b'Belleza y perfumer\xc3\xada'),588.406,30,17652.2,3706.96,1971-08-24,bytearray(b'Efectivo')
133,22315,bytearray(b'22315-C3'),bytearray(b'Mercer\xc3\xada Coso'),bytearray(b'A Coru\xc3\xb1a'),bytearray(b'Nuevo'),Mujer,bytearray(b'Otros'),803.056,84,67456.7,14165.9,1971-08-24,bytearray(b'Efectivo')
132,22315,bytearray(b'22315-C2'),bytearray(b'El Primero'),bytearray(b'Vigo'),bytearray(b'Nuevo'),Mujer,bytearray(b'Supermercado'),93.691,59,5527.77,1160.83,1971-08-24,bytearray(b'Efectivo')
144,22397,bytearray(b'22397-C3'),bytearray(b'El Cercano'),bytearray(b'Pontevedra'),bytearray(b'Existente'),Mujer,bytearray(b'Supermercado'),923.204,14,12924.9,2714.22,1983-01-21,bytearray(b'Transferencia bancaria')
145,22397,bytearray(b'22397-C4'),bytearray(b'El Cercano'),bytearray(b'Pontevedra'),bytearray(b'Existente'),Mujer,bytearray(b'Supermercado'),685.812,81,55550.8,11665.7,1983-01-21,bytearray(b'Transferencia bancaria')
193,31627,bytearray(b'31627-C1'),bytearray(b'El Cercano'),bytearray(b'Pontevedra'),bytearray(b'Existente'),Mujer,bytearray(b'Supermercado'),697.324,85,59272.6,12447.2,2000-02-28,bytearray(b'Transferencia bancaria')
172,37331,bytearray(b'37331-C7'),bytearray(b'El Cercano'),bytearray(b'Pontevedra'),bytearray(b'Nuevo'),Mujer,bytearray(b'Supermercado'),855.689,36,30804.8,6469.01,2002-10-30,bytearray(b'Tarjeta cr\xc3\xa9dito')
171,37331,bytearray(b'37331-C6'),bytearray(b'El Cercano'),bytearray(b'Pontevedra'),bytearray(b'Nuevo'),Mujer,bytearray(b'Supermercado'),156.521,34,5321.71,1117.56,2002-10-30,bytearray(b'Tarjeta cr\xc3\xa9dito')
170,37331,bytearray(b'37331-C5'),bytearray(b'El Cercano'),bytearray(b'Pontevedra'),bytearray(b'Nuevo'),Mujer,bytearray(b'Supermercado'),484.182,4,1936.73,406.713,2002-10-30,bytearray(b'Tarjeta cr\xc3\xa9dito')
169,37331,bytearray(b'37331-C4'),bytearray(b'Perfumes Olorosos'),bytearray(b'Vigo'),bytearray(b'Nuevo'),Mujer,bytearray(b'Belleza y perfumer\xc3\xada'),391.753,59,23113.4,4853.82,2002-10-30,bytearray(b'Tarjeta cr\xc3\xa9dito')
168,37331,bytearray(b'37331-C3'),bytearray(b'El Cercano'),bytearray(b'Pontevedra'),bytearray(b'Nuevo'),Mujer,bytearray(b'Supermercado'),599.351,94,56339.0,11831.2,2002-10-30,bytearray(b'Tarjeta cr\xc3\xa9dito')
167,37331,bytearray(b'37331-C2'),bytearray(b'El Caro'),bytearray(b'Nigr\xc3\xa1n'),bytearray(b'Nuevo'),Mujer,bytearray(b'Cocinas'),761.593,80,60927.4,12794.8,2002-10-30,bytearray(b'Tarjeta cr\xc3\xa9dito')
166,37331,bytearray(b'37331-C1'),bytearray(b'El Cercano'),bytearray(b'Pontevedra'),bytearray(b'Nuevo'),Mujer,bytearray(b'Supermercado'),45.9401,73,3353.63,704.262,2002-10-30,bytearray(b'Tarjeta cr\xc3\xa9dito')
161,17669,bytearray(b'17669-C5'),bytearray(b'Mercer\xc3\xada Coso'),bytearray(b'A Coru\xc3\xb1a'),bytearray(b'Existente'),Mujer,bytearray(b'Otros'),397.394,54,21459.3,4506.45,2000-09-10,bytearray(b'Efectivo')
160,17669,bytearray(b'17669-C4'),bytearray(b'El Caro'),bytearray(b'Nigr\xc3\xa1n'),bytearray(b'Existente'),Mujer,bytearray(b'Cocinas'),966.557,82,79257.7,16644.1,2000-09-10,bytearray(b'Efectivo')
159,17669,bytearray(b'17669-C3'),bytearray(b'El Cercano'),bytearray(b'Pontevedra'),bytearray(b'Existente'),Mujer,bytearray(b'Supermercado'),584.53,32,18705.0,3928.04,2000-09-10,bytearray(b'Efectivo')
158,17669,bytearray(b'17669-C2'),bytearray(b'Perfumes Olorosos'),bytearray(b'Vigo'),bytearray(b'Existente'),Mujer,bytearray(b'Belleza y perfumer\xc3\xada'),487.043,38,18507.6,3886.6,2000-09-10,bytearray(b'Efectivo')
157,17669,bytearray(b'17669-C1'),bytearray(b'Mercer\xc3\xada Coso'),bytearray(b'A Coru\xc3\xb1a'),bytearray(b'Existente'),Mujer,bytearray(b'Otros'),185.451,32,5934.45,1246.23,2000-09-10,bytearray(b'Efectivo')
131,22315,bytearray(b'22315-C1'),bytearray(b'El Primero'),bytearray(b'Vigo'),bytearray(b'Nuevo'),Mujer,bytearray(b'Supermercado'),872.081,34,29650.7,6226.66,1971-08-24,bytearray(b'Efectivo')
301,11542,bytearray(b'11542-C10'),bytearray(b'El Caro'),bytearray(b'Nigr\xc3\xa1n'),bytearray(b'Existente'),Mujer,bytearray(b'Cocinas'),963.468,31,29867.5,6272.17,1987-11-16,bytearray(b'Transferencia bancaria')
283,56277,bytearray(b'56277-C8'),bytearray(b'El Primero'),bytearray(b'Vigo'),bytearray(b'Nuevo'),Mujer,bytearray(b'Supermercado'),673.141,77,51831.8,10884.7,1975-11-13,bytearray(b'Efectivo')
282,56277,bytearray(b'56277-C7'),bytearray(b'Perfumes Olorosos'),bytearray(b'Vigo'),bytearray(b'Nuevo'),Mujer,bytearray(b'Belleza y perfumer\xc3\xada'),723.942,28,20270.4,4256.78,1975-11-13,bytearray(b'Efectivo')
281,56277,bytearray(b'56277-C6'),bytearray(b'El Primero'),bytearray(b'Vigo'),bytearray(b'Nuevo'),Mujer,bytearray(b'Supermercado'),396.467,10,3964.67,832.581,1975-11-13,bytearray(b'Efectivo')
280,56277,bytearray(b'56277-C5'),bytearray(b'El Cercano'),bytearray(b'Pontevedra'),bytearray(b'Nuevo'),Mujer,bytearray(b'Supermercado'),64.6566,57,3685.43,773.94,1975-11-13,bytearray(b'Efectivo')
279,56277,bytearray(b'56277-C4'),bytearray(b'Mercer\xc3\xada Coso'),bytearray(b'A Coru\xc3\xb1a'),bytearray(b'Nuevo'),Mujer,bytearray(b'Otros'),920.412,14,12885.8,2706.01,1975-11-13,bytearray(b'Efectivo')
278,56277,bytearray(b'56277-C3'),bytearray(b'El Caro'),bytearray(b'Nigr\xc3\xa1n'),bytearray(b'Nuevo'),Mujer,bytearray(b'Cocinas'),812.285,43,34928.3,7334.94,1975-11-13,bytearray(b'Efectivo')
277,56277,bytearray(b'56277-C2'),bytearray(b'Mercer\xc3\xada Coso'),bytearray(b'A Coru\xc3\xb1a'),bytearray(b'Nuevo'),Mujer,bytearray(b'Otros'),83.9957,24,2015.9,423.338,1975-11-13,bytearray(b'Efectivo')
276,56277,bytearray(b'56277-C1'),bytearray(b'Perfumes Olorosos'),bytearray(b'Vigo'),bytearray(b'Nuevo'),Mujer,bytearray(b'Belleza y perfumer\xc3\xada'),94.4611,58,5478.74,1150.54,1975-11-13,bytearray(b'Efectivo')
275,72208,bytearray(b'72208-C10'),bytearray(b'El Primero'),bytearray(b'Vigo'),bytearray(b'Existente'),Mujer,bytearray(b'Supermercado'),734.692,56,41142.7,8639.97,2005-12-12,bytearray(b'Transferencia bancaria')
274,72208,bytearray(b'72208-C9'),bytearray(b'Mercer\xc3\xada Coso'),bytearray(b'A Coru\xc3\xb1a'),bytearray(b'Existente'),Mujer,bytearray(b'Otros'),114.747,20,2294.93,481.936,2005-12-12,bytearray(b'Transferencia bancaria')
273,72208,bytearray(b'72208-C8'),bytearray(b'El Caro'),bytearray(b'Nigr\xc3\xa1n'),bytearray(b'Existente'),Mujer,bytearray(b'Cocinas'),440.622,69,30402.9,6384.62,2005-12-12,bytearray(b'Transferencia bancaria')
272,72208,bytearray(b'72208-C7'),bytearray(b'El Caro'),bytearray(b'Nigr\xc3\xa1n'),bytearray(b'Existente'),Mujer,bytearray(b'Cocinas'),222.095,62,13769.9,2891.68,2005-12-12,bytearray(b'Transferencia bancaria')
286,26364,bytearray(b'26364-C1'),bytearray(b'Mercer\xc3\xada Coso'),bytearray(b'A Coru\xc3\xb1a'),bytearray(b'Existente'),Mujer,bytearray(b'Otros'),202.846,56,11359.4,2385.46,1974-03-07,bytearray(b'Tarjeta cr\xc3\xa9dito')
287,26364,bytearray(b'26364-C2'),bytearray(b'Perfumes Olorosos'),bytearray(b'Vigo'),bytearray(b'Existente'),Mujer,bytearray(b'Belleza y perfumer\xc3\xada'),67.2504,4,269.002,56.4904,1974-03-07,bytearray(b'Tarjeta cr\xc3\xa9dito')
288,26364,bytearray(b'26364-C3'),bytearray(b'El Cercano'),bytearray(b'Pontevedra'),bytearray(b'Existente'),Mujer,bytearray(b'Supermercado'),496.704,3,1490.11,312.924,1974-03-07,bytearray(b'Tarjeta cr\xc3\xa9dito')
300,11542,bytearray(b'11542-C9'),bytearray(b'Mercer\xc3\xada Coso'),bytearray(b'A Coru\xc3\xb1a'),bytearray(b'Existente'),Mujer,bytearray(b'Otros'),706.678,2,1413.36,296.805,1987-11-16,bytearray(b'Transferencia bancaria')
299,11542,bytearray(b'11542-C8'),bytearray(b'Perfumes Olorosos'),bytearray(b'Vigo'),bytearray(b'Existente'),Mujer,bytearray(b'Belleza y perfumer\xc3\xada'),172.493,80,13799.4,2897.88,1987-11-16,bytearray(b'Transferencia bancaria')
298,11542,bytearray(b'11542-C7'),bytearray(b'El Primero'),bytearray(b'Vigo'),bytearray(b'Existente'),Mujer,bytearray(b'Supermercado'),240.564,8,1924.51,404.147,1987-11-16,bytearray(b'Transferencia bancaria')
297,11542,bytearray(b'11542-C6'),bytearray(b'Mercer\xc3\xada Coso'),bytearray(b'A Coru\xc3\xb1a'),bytearray(b'Existente'),Mujer,bytearray(b'Otros'),588.224,76,44705.1,9388.06,1987-11-16,bytearray(b'Transferencia bancaria')
296,11542,bytearray(b'11542-C5'),bytearray(b'Perfumes Olorosos'),bytearray(b'Vigo'),bytearray(b'Existente'),Mujer,bytearray(b'Belleza y perfumer\xc3\xada'),501.037,56,28058.1,5892.2,1987-11-16,bytearray(b'Transferencia bancaria')
295,11542,bytearray(b'11542-C4'),bytearray(b'Perfumes Olorosos'),bytearray(b'Vigo'),bytearray(b'Existente'),Mujer,bytearray(b'Belleza y perfumer\xc3\xada'),420.697,83,34917.9,7332.76,1987-11-16,bytearray(b'Transferencia bancaria')
294,11542,bytearray(b'11542-C3'),bytearray(b'El Primero'),bytearray(b'Vigo'),bytearray(b'Existente'),Mujer,bytearray(b'Supermercado'),977.851,32,31291.2,6571.16,1987-11-16,bytearray(b'Transferencia bancaria')
293,11542,bytearray(b'11542-C2'),bytearray(b'Mercer\xc3\xada Coso'),bytearray(b'A Coru\xc3\xb1a'),bytearray(b'Existente'),Mujer,bytearray(b'Otros'),622.807,3,1868.42,392.369,1987-11-16,bytearray(b'Transferencia bancaria')
292,11542,bytearray(b'11542-C1'),bytearray(b'El Caro'),bytearray(b'Nigr\xc3\xa1n'),bytearray(b'Existente'),Mujer,bytearray(b'Cocinas'),822.41,8,6579.28,1381.65,1987-11-16,bytearray(b'Transferencia bancaria')
291,26364,bytearray(b'26364-C6'),bytearray(b'El Primero'),bytearray(b'Vigo'),bytearray(b'Existente'),Mujer,bytearray(b'Supermercado'),10.1221,84,850.257,178.554,1974-03-07,bytearray(b'Tarjeta cr\xc3\xa9dito')
290,26364,bytearray(b'26364-C5'),bytearray(b'El Caro'),bytearray(b'Nigr\xc3\xa1n'),bytearray(b'Existente'),Mujer,bytearray(b'Cocinas'),870.531,21,18281.1,3839.04,1974-03-07,bytearray(b'Tarjeta cr\xc3\xa9dito')
289,26364,bytearray(b'26364-C4'),bytearray(b'El Cercano'),bytearray(b'Pontevedra'),bytearray(b'Existente'),Mujer,bytearray(b'Supermercado'),231.98,18,4175.64,876.885,1974-03-07,bytearray(b'Tarjeta cr\xc3\xa9dito')
271,72208,bytearray(b'72208-C6'),bytearray(b'Perfumes Olorosos'),bytearray(b'Vigo'),bytearray(b'Existente'),Mujer,bytearray(b'Belleza y perfumer\xc3\xada'),155.82,11,1714.02,359.945,2005-12-12,bytearray(b'Transferencia bancaria')
270,72208,bytearray(b'72208-C5'),bytearray(b'El Cercano'),bytearray(b'Pontevedra'),bytearray(b'Existente'),Mujer,bytearray(b'Supermercado'),916.26,85,77882.1,16355.2,2005-12-12,bytearray(b'Transferencia bancaria')
269,72208,bytearray(b'72208-C4'),bytearray(b'Mercer\xc3\xada Coso'),bytearray(b'A Coru\xc3\xb1a'),bytearray(b'Existente'),Mujer,bytearray(b'Otros'),465.4,58,26993.2,5668.58,2005-12-12,bytearray(b'Transferencia bancaria')
227,28239,bytearray(b'28239-C6'),bytearray(b'El Cercano'),bytearray(b'Pontevedra'),bytearray(b'Existente'),Mujer,bytearray(b'Supermercado'),885.154,29,25669.5,5390.59,2004-10-27,bytearray(b'Efectivo')
226,28239,bytearray(b'28239-C5'),bytearray(b'El Primero'),bytearray(b'Vigo'),bytearray(b'Existente'),Mujer,bytearray(b'Supermercado'),338.963,27,9152.0,1921.92,2004-10-27,bytearray(b'Efectivo')
225,28239,bytearray(b'28239-C4'),bytearray(b'El Cercano'),bytearray(b'Pontevedra'),bytearray(b'Existente'),Mujer,bytearray(b'Supermercado'),723.416,97,70171.4,14736.0,2004-10-27,bytearray(b'Efectivo')
224,28239,bytearray(b'28239-C3'),bytearray(b'El Primero'),bytearray(b'Vigo'),bytearray(b'Existente'),Mujer,bytearray(b'Supermercado'),424.013,15,6360.2,1335.64,2004-10-27,bytearray(b'Efectivo')
223,28239,bytearray(b'28239-C2'),bytearray(b'El Caro'),bytearray(b'Nigr\xc3\xa1n'),bytearray(b'Existente'),Mujer,bytearray(b'Cocinas'),733.397,14,10267.6,2156.19,2004-10-27,bytearray(b'Efectivo')
222,28239,bytearray(b'28239-C1'),bytearray(b'Perfumes Olorosos'),bytearray(b'Vigo'),bytearray(b'Existente'),Mujer,bytearray(b'Belleza y perfumer\xc3\xada'),334.263,62,20724.3,4352.1,2004-10-27,bytearray(b'Efectivo')
211,46547,bytearray(b'46547-C9'),bytearray(b'El Cercano'),bytearray(b'Pontevedra'),bytearray(b'Existente'),Mujer,bytearray(b'Supermercado'),682.364,49,33435.8,7021.52,1991-02-18,bytearray(b'Efectivo')
210,46547,bytearray(b'46547-C8'),bytearray(b'Mercer\xc3\xada Coso'),bytearray(b'A Coru\xc3\xb1a'),bytearray(b'Existente'),Mujer,bytearray(b'Otros'),647.854,5,3239.27,680.247,1991-02-18,bytearray(b'Efectivo')
209,46547,bytearray(b'46547-C7'),bytearray(b'Mercer\xc3\xada Coso'),bytearray(b'A Coru\xc3\xb1a'),bytearray(b'Existente'),Mujer,bytearray(b'Otros'),906.016,89,80635.5,16933.4,1991-02-18,bytearray(b'Efectivo')
208,46547,bytearray(b'46547-C6'),bytearray(b'Perfumes Olorosos'),bytearray(b'Vigo'),bytearray(b'Existente'),Mujer,bytearray(b'Belleza y perfumer\xc3\xada'),146.1,79,11541.9,2423.81,1991-02-18,bytearray(b'Efectivo')
207,46547,bytearray(b'46547-C5'),bytearray(b'El Caro'),bytearray(b'Nigr\xc3\xa1n'),bytearray(b'Existente'),Mujer,bytearray(b'Cocinas'),305.623,37,11308.0,2374.69,1991-02-18,bytearray(b'Efectivo')
206,46547,bytearray(b'46547-C4'),bytearray(b'Mercer\xc3\xada Coso'),bytearray(b'A Coru\xc3\xb1a'),bytearray(b'Existente'),Mujer,bytearray(b'Otros'),302.466,61,18450.4,3874.59,1991-02-18,bytearray(b'Efectivo')
228,28239,bytearray(b'28239-C7'),bytearray(b'El Caro'),bytearray(b'Nigr\xc3\xa1n'),bytearray(b'Existente'),Mujer,bytearray(b'Cocinas'),855.357,16,13685.7,2874.0,2004-10-27,bytearray(b'Efectivo')
229,28239,bytearray(b'28239-C8'),bytearray(b'Mercer\xc3\xada Coso'),bytearray(b'A Coru\xc3\xb1a'),bytearray(b'Existente'),Mujer,bytearray(b'Otros'),367.081,71,26062.8,5473.18,2004-10-27,bytearray(b'Efectivo')
230,28239,bytearray(b'28239-C9'),bytearray(b'El Primero'),bytearray(b'Vigo'),bytearray(b'Existente'),Mujer,bytearray(b'Supermercado'),374.905,33,12371.9,2598.09,2004-10-27,bytearray(b'Efectivo')
268,72208,bytearray(b'72208-C3'),bytearray(b'Perfumes Olorosos'),bytearray(b'Vigo'),bytearray(b'Existente'),Mujer,bytearray(b'Belleza y perfumer\xc3\xada'),549.61,50,27480.5,5770.9,2005-12-12,bytearray(b'Transferencia bancaria')
267,72208,bytearray(b'72208-C2'),bytearray(b'El Caro'),bytearray(b'Nigr\xc3\xa1n'),bytearray(b'Existente'),Mujer,bytearray(b'Cocinas'),473.951,70,33176.5,6967.07,2005-12-12,bytearray(b'Transferencia bancaria')
266,72208,bytearray(b'72208-C1'),bytearray(b'El Caro'),bytearray(b'Nigr\xc3\xa1n'),bytearray(b'Existente'),Mujer,bytearray(b'Cocinas'),866.786,21,18202.5,3822.53,2005-12-12,bytearray(b'Transferencia bancaria')
239,5220,bytearray(b'5220-C8'),bytearray(b'Perfumes Olorosos'),bytearray(b'Vigo'),bytearray(b'Nuevo'),Mujer,bytearray(b'Belleza y perfumer\xc3\xada'),572.483,20,11449.7,2404.43,1971-08-20,bytearray(b'Transferencia bancaria')
238,5220,bytearray(b'5220-C7'),bytearray(b'Mercer\xc3\xada Coso'),bytearray(b'A Coru\xc3\xb1a'),bytearray(b'Nuevo'),Mujer,bytearray(b'Otros'),836.303,36,30106.9,6322.45,1971-08-20,bytearray(b'Transferencia bancaria')
237,5220,bytearray(b'5220-C6'),bytearray(b'El Primero'),bytearray(b'Vigo'),bytearray(b'Nuevo'),Mujer,bytearray(b'Supermercado'),566.251,2,1132.5,237.825,1971-08-20,bytearray(b'Transferencia bancaria')
236,5220,bytearray(b'5220-C5'),bytearray(b'Mercer\xc3\xada Coso'),bytearray(b'A Coru\xc3\xb1a'),bytearray(b'Nuevo'),Mujer,bytearray(b'Otros'),809.768,18,14575.8,3060.92,1971-08-20,bytearray(b'Transferencia bancaria')
235,5220,bytearray(b'5220-C4'),bytearray(b'El Cercano'),bytearray(b'Pontevedra'),bytearray(b'Nuevo'),Mujer,bytearray(b'Supermercado'),837.618,72,60308.5,12664.8,1971-08-20,bytearray(b'Transferencia bancaria')
234,5220,bytearray(b'5220-C3'),bytearray(b'Mercer\xc3\xada Coso'),bytearray(b'A Coru\xc3\xb1a'),bytearray(b'Nuevo'),Mujer,bytearray(b'Otros'),19.9909,37,739.664,155.329,1971-08-20,bytearray(b'Transferencia bancaria')
233,5220,bytearray(b'5220-C2'),bytearray(b'Perfumes Olorosos'),bytearray(b'Vigo'),bytearray(b'Nuevo'),Mujer,bytearray(b'Belleza y perfumer\xc3\xada'),731.473,11,8046.21,1689.7,1971-08-20,bytearray(b'Transferencia bancaria')
232,5220,bytearray(b'5220-C1'),bytearray(b'El Primero'),bytearray(b'Vigo'),bytearray(b'Nuevo'),Mujer,bytearray(b'Supermercado'),581.072,86,49972.2,10494.2,1971-08-20,bytearray(b'Transferencia bancaria')
231,28239,bytearray(b'28239-C10'),bytearray(b'El Primero'),bytearray(b'Vigo'),bytearray(b'Existente'),Mujer,bytearray(b'Supermercado'),961.178,51,49020.1,10294.2,2004-10-27,bytearray(b'Efectivo')
205,46547,bytearray(b'46547-C3'),bytearray(b'Perfumes Olorosos'),bytearray(b'Vigo'),bytearray(b'Existente'),Mujer,bytearray(b'Belleza y perfumer\xc3\xada'),283.719,71,20144.1,4230.25,1991-02-18,bytearray(b'Efectivo')
51,80407,bytearray(b'80407-C4'),bytearray(b'El Caro'),bytearray(b'Nigr\xc3\xa1n'),bytearray(b'Existente'),Mujer,bytearray(b'Cocinas'),782.669,52,40698.8,8546.74,1996-08-07,bytearray(b'Efectivo')
71,12573,bytearray(b'12573-C5'),bytearray(b'Mercer\xc3\xada Coso'),bytearray(b'A Coru\xc3\xb1a'),bytearray(b'Nuevo'),Mujer,bytearray(b'Otros'),261.574,98,25634.3,5383.19,1994-09-07,bytearray(b'Transferencia bancaria')
72,12573,bytearray(b'12573-C6'),bytearray(b'Perfumes Olorosos'),bytearray(b'Vigo'),bytearray(b'Nuevo'),Mujer,bytearray(b'Belleza y perfumer\xc3\xada'),166.831,25,4170.77,875.862,1994-09-07,bytearray(b'Transferencia bancaria')
87,38805,bytearray(b'38805-C1'),bytearray(b'Mercer\xc3\xada Coso'),bytearray(b'A Coru\xc3\xb1a'),bytearray(b'Existente'),Mujer,bytearray(b'Otros'),733.098,80,58647.9,12316.1,1983-02-07,bytearray(b'Transferencia bancaria')
88,38805,bytearray(b'38805-C2'),bytearray(b'El Cercano'),bytearray(b'Pontevedra'),bytearray(b'Existente'),Mujer,bytearray(b'Supermercado'),822.304,61,50160.5,10533.7,1983-02-07,bytearray(b'Transferencia bancaria')
89,38805,bytearray(b'38805-C3'),bytearray(b'El Primero'),bytearray(b'Vigo'),bytearray(b'Existente'),Mujer,bytearray(b'Supermercado'),752.104,18,13537.9,2842.95,1983-02-07,bytearray(b'Transferencia bancaria')
90,38805,bytearray(b'38805-C4'),bytearray(b'El Primero'),bytearray(b'Vigo'),bytearray(b'Existente'),Mujer,bytearray(b'Supermercado'),694.02,86,59685.8,12534.0,1983-02-07,bytearray(b'Transferencia bancaria')
36,18447,bytearray(b'18447-C3'),bytearray(b'El Primero'),bytearray(b'Vigo'),bytearray(b'Existente'),Mujer,bytearray(b'Supermercado'),603.751,82,49507.6,10396.6,1997-10-17,bytearray(b'Efectivo')
34,18447,bytearray(b'18447-C1'),bytearray(b'Perfumes Olorosos'),bytearray(b'Vigo'),bytearray(b'Existente'),Mujer,bytearray(b'Belleza y perfumer\xc3\xada'),437.569,80,35005.5,7351.15,1997-10-17,bytearray(b'Efectivo')
33,80407,bytearray(b'80407-C5'),bytearray(b'El Caro'),bytearray(b'Nigr\xc3\xa1n'),bytearray(b'Existente'),Mujer,bytearray(b'Cocinas'),651.704,47,30630.1,6432.32,1996-08-07,bytearray(b'Efectivo')
32,80407,bytearray(b'80407-C4'),bytearray(b'El Caro'),bytearray(b'Nigr\xc3\xa1n'),bytearray(b'Existente'),Mujer,bytearray(b'Cocinas'),782.669,52,40698.8,8546.74,1996-08-07,bytearray(b'Efectivo')
31,80407,bytearray(b'80407-C3'),bytearray(b'Perfumes Olorosos'),bytearray(b'Vigo'),bytearray(b'Existente'),Mujer,bytearray(b'Belleza y perfumer\xc3\xada'),582.775,41,23893.8,5017.69,1996-08-07,bytearray(b'Efectivo')
30,80407,bytearray(b'80407-C2'),bytearray(b'Perfumes Olorosos'),bytearray(b'Vigo'),bytearray(b'Existente'),Mujer,bytearray(b'Belleza y perfumer\xc3\xada'),435.734,96,41830.5,8784.41,1996-08-07,bytearray(b'Efectivo')
29,80407,bytearray(b'80407-C1'),bytearray(b'El Primero'),bytearray(b'Vigo'),bytearray(b'Existente'),Mujer,bytearray(b'Supermercado'),477.106,93,44370.8,9317.87,1996-08-07,bytearray(b'Efectivo')
91,38805,bytearray(b'38805-C5'),bytearray(b'Perfumes Olorosos'),bytearray(b'Vigo'),bytearray(b'Existente'),Mujer,bytearray(b'Belleza y perfumer\xc3\xada'),784.875,44,34534.5,7252.24,1983-02-07,bytearray(b'Transferencia bancaria')
23,82407,bytearray(b'82407-C2'),bytearray(b'El Primero'),bytearray(b'Vigo'),bytearray(b'Nuevo'),Mujer,bytearray(b'Supermercado'),972.697,43,41826.0,8783.46,2002-04-30,bytearray(b'Transferencia bancaria')
70,12573,bytearray(b'12573-C4'),bytearray(b'Mercer\xc3\xada Coso'),bytearray(b'A Coru\xc3\xb1a'),bytearray(b'Nuevo'),Mujer,bytearray(b'Otros'),221.963,29,6436.92,1351.75,1994-09-07,bytearray(b'Transferencia bancaria')
69,12573,bytearray(b'12573-C3'),bytearray(b'Perfumes Olorosos'),bytearray(b'Vigo'),bytearray(b'Nuevo'),Mujer,bytearray(b'Belleza y perfumer\xc3\xada'),331.397,89,29494.3,6193.81,1994-09-07,bytearray(b'Transferencia bancaria')
68,12573,bytearray(b'12573-C2'),bytearray(b'El Primero'),bytearray(b'Vigo'),bytearray(b'Nuevo'),Mujer,bytearray(b'Supermercado'),171.666,77,13218.3,2775.84,1994-09-07,bytearray(b'Transferencia bancaria')
45,44964,bytearray(b'44964-C3'),bytearray(b'El Cercano'),bytearray(b'Pontevedra'),bytearray(b'Existente'),Mujer,bytearray(b'Supermercado'),734.18,62,45519.2,9559.02,2002-08-01,bytearray(b'Transferencia bancaria')
44,44964,bytearray(b'44964-C2'),bytearray(b'El Cercano'),bytearray(b'Pontevedra'),bytearray(b'Existente'),Mujer,bytearray(b'Supermercado'),881.868,1,881.868,185.192,2002-08-01,bytearray(b'Transferencia bancaria')
43,44964,bytearray(b'44964-C1'),bytearray(b'El Caro'),bytearray(b'Nigr\xc3\xa1n'),bytearray(b'Existente'),Mujer,bytearray(b'Cocinas'),450.14,96,43213.5,9074.83,2002-08-01,bytearray(b'Transferencia bancaria')
42,60659,bytearray(b'60659-C5'),bytearray(b'El Caro'),bytearray(b'Nigr\xc3\xa1n'),bytearray(b'Existente'),Mujer,bytearray(b'Cocinas'),924.478,98,90598.9,19025.8,1979-12-25,bytearray(b'Efectivo')
41,60659,bytearray(b'60659-C4'),bytearray(b'Mercer\xc3\xada Coso'),bytearray(b'A Coru\xc3\xb1a'),bytearray(b'Existente'),Mujer,bytearray(b'Otros'),702.203,15,10533.0,2211.94,1979-12-25,bytearray(b'Efectivo')
40,60659,bytearray(b'60659-C3'),bytearray(b'El Primero'),bytearray(b'Vigo'),bytearray(b'Existente'),Mujer,bytearray(b'Supermercado'),743.136,12,8917.63,1872.7,1979-12-25,bytearray(b'Efectivo')
39,60659,bytearray(b'60659-C2'),bytearray(b'Mercer\xc3\xada Coso'),bytearray(b'A Coru\xc3\xb1a'),bytearray(b'Existente'),Mujer,bytearray(b'Otros'),590.564,33,19488.6,4092.61,1979-12-25,bytearray(b'Efectivo')
38,60659,bytearray(b'60659-C1'),bytearray(b'El Caro'),bytearray(b'Nigr\xc3\xa1n'),bytearray(b'Existente'),Mujer,bytearray(b'Cocinas'),471.355,42,19796.9,4157.35,1979-12-25,bytearray(b'Efectivo')
35,18447,bytearray(b'18447-C2'),bytearray(b'Mercer\xc3\xada Coso'),bytearray(b'A Coru\xc3\xb1a'),bytearray(b'Existente'),Mujer,bytearray(b'Otros'),441.954,64,28285.0,5939.86,1997-10-17,bytearray(b'Efectivo')
61,71938,bytearray(b'71938-C2'),bytearray(b'Mercer\xc3\xada Coso'),bytearray(b'A Coru\xc3\xb1a'),bytearray(b'Existente'),Mujer,bytearray(b'Otros'),891.711,67,59744.6,12546.4,1975-01-27,bytearray(b'Transferencia bancaria')
62,71938,bytearray(b'71938-C3'),bytearray(b'El Primero'),bytearray(b'Vigo'),bytearray(b'Existente'),Mujer,bytearray(b'Supermercado'),72.4731,8,579.785,121.755,1975-01-27,bytearray(b'Transferencia bancaria')
63,71938,bytearray(b'71938-C4'),bytearray(b'Mercer\xc3\xada Coso'),bytearray(b'A Coru\xc3\xb1a'),bytearray(b'Existente'),Mujer,bytearray(b'Otros'),979.088,24,23498.1,4934.6,1975-01-27,bytearray(b'Transferencia bancaria')
64,71938,bytearray(b'71938-C5'),bytearray(b'Mercer\xc3\xada Coso'),bytearray(b'A Coru\xc3\xb1a'),bytearray(b'Existente'),Mujer,bytearray(b'Otros'),528.991,72,38087.3,7998.34,1975-01-27,bytearray(b'Transferencia bancaria')
65,71938,bytearray(b'71938-C6'),bytearray(b'El Primero'),bytearray(b'Vigo'),bytearray(b'Existente'),Mujer,bytearray(b'Supermercado'),724.247,78,56491.3,11863.2,1975-01-27,bytearray(b'Transferencia bancaria')
67,12573,bytearray(b'12573-C1'),bytearray(b'El Cercano'),bytearray(b'Pontevedra'),bytearray(b'Nuevo'),Mujer,bytearray(b'Supermercado'),357.019,53,18922.0,3973.62,1994-09-07,bytearray(b'Transferencia bancaria')
22,82407,bytearray(b'82407-C1'),bytearray(b'Mercer\xc3\xada Coso'),bytearray(b'A Coru\xc3\xb1a'),bytearray(b'Nuevo'),Mujer,bytearray(b'Otros'),607.404,14,8503.65,1785.77,2002-04-30,bytearray(b'Transferencia bancaria')
21,72994,bytearray(b'72994-C6'),bytearray(b'El Cercano'),bytearray(b'Pontevedra'),bytearray(b'Nuevo'),Mujer,bytearray(b'Supermercado'),254.733,21,5349.4,1123.37,1999-01-07,bytearray(b'Tarjeta cr\xc3\xa9dito')
114,34175,bytearray(b'34175-C1'),bytearray(b'El Primero'),bytearray(b'Vigo'),bytearray(b'Nuevo'),Mujer,bytearray(b'Supermercado'),151.952,73,11092.5,2329.42,1992-02-22,bytearray(b'Efectivo')
13,68893,bytearray(b'68893-C3'),bytearray(b'Perfumes Olorosos'),bytearray(b'Vigo'),bytearray(b'Existente'),Mujer,bytearray(b'Belleza y perfumer\xc3\xada'),954.492,24,22907.8,4810.64,1972-11-22,bytearray(b'Transferencia bancaria')
12,68893,bytearray(b'68893-C2'),bytearray(b'El Primero'),bytearray(b'Vigo'),bytearray(b'Existente'),Mujer,bytearray(b'Supermercado'),84.3638,68,5736.74,1204.71,1972-11-22,bytearray(b'Transferencia bancaria')
11,68893,bytearray(b'68893-C1'),bytearray(b'Perfumes Olorosos'),bytearray(b'Vigo'),bytearray(b'Existente'),Mujer,bytearray(b'Belleza y perfumer\xc3\xada'),904.67,13,11760.7,2469.75,1972-11-22,bytearray(b'Transferencia bancaria')
10,14325,bytearray(b'14325-C3'),bytearray(b'El Caro'),bytearray(b'Nigr\xc3\xa1n'),bytearray(b'Existente'),Mujer,bytearray(b'Cocinas'),626.449,75,46983.6,9866.56,2001-05-03,bytearray(b'Efectivo')
2,56904,bytearray(b'56904-C2'),bytearray(b'El Cercano'),bytearray(b'Pontevedra'),bytearray(b'Existente'),Mujer,bytearray(b'Supermercado'),427.754,32,13688.1,2874.5,1973-09-25,bytearray(b'Tarjeta cr\xc3\xa9dito')
3,56904,bytearray(b'56904-C3'),bytearray(b'El Primero'),bytearray(b'Vigo'),bytearray(b'Existente'),Mujer,bytearray(b'Supermercado'),125.12,55,6881.58,1445.13,1973-09-25,bytearray(b'Tarjeta cr\xc3\xa9dito')
115,34175,bytearray(b'34175-C2'),bytearray(b'Perfumes Olorosos'),bytearray(b'Vigo'),bytearray(b'Nuevo'),Mujer,bytearray(b'Belleza y perfumer\xc3\xada'),828.105,89,73701.3,15477.3,1992-02-22,bytearray(b'Efectivo')
4,56904,bytearray(b'56904-C4'),bytearray(b'Perfumes Olorosos'),bytearray(b'Vigo'),bytearray(b'Existente'),Mujer,bytearray(b'Belleza y perfumer\xc3\xada'),499.885,35,17496.0,3674.16,1973-09-25,bytearray(b'Tarjeta cr\xc3\xa9dito')
5,56904,bytearray(b'56904-C5'),bytearray(b'El Caro'),bytearray(b'Nigr\xc3\xa1n'),bytearray(b'Existente'),Mujer,bytearray(b'Cocinas'),216.976,8,1735.81,364.52,1973-09-25,bytearray(b'Tarjeta cr\xc3\xa9dito')
118,34175,bytearray(b'34175-C5'),bytearray(b'Mercer\xc3\xada Coso'),bytearray(b'A Coru\xc3\xb1a'),bytearray(b'Nuevo'),Mujer,bytearray(b'Otros'),951.077,87,82743.7,17376.2,1992-02-22,bytearray(b'Efectivo')
9,14325,bytearray(b'14325-C2'),bytearray(b'El Caro'),bytearray(b'Nigr\xc3\xa1n'),bytearray(b'Existente'),Mujer,bytearray(b'Cocinas'),651.887,83,54106.7,11362.4,2001-05-03,bytearray(b'Efectivo')
8,14325,bytearray(b'14325-C1'),bytearray(b'Mercer\xc3\xada Coso'),bytearray(b'A Coru\xc3\xb1a'),bytearray(b'Existente'),Mujer,bytearray(b'Otros'),236.182,95,22437.3,4711.83,2001-05-03,bytearray(b'Efectivo')
117,34175,bytearray(b'34175-C4'),bytearray(b'Mercer\xc3\xada Coso'),bytearray(b'A Coru\xc3\xb1a'),bytearray(b'Nuevo'),Mujer,bytearray(b'Otros'),180.614,73,13184.8,2768.82,1992-02-22,bytearray(b'Efectivo')
116,34175,bytearray(b'34175-C3'),bytearray(b'El Primero'),bytearray(b'Vigo'),bytearray(b'Nuevo'),Mujer,bytearray(b'Supermercado'),82.2431,78,6414.96,1347.14,1992-02-22,bytearray(b'Efectivo')
6,56904,bytearray(b'56904-C6'),bytearray(b'El Primero'),bytearray(b'Vigo'),bytearray(b'Existente'),Mujer,bytearray(b'Supermercado'),823.872,58,47784.6,10034.8,1973-09-25,bytearray(b'Tarjeta cr\xc3\xa9dito')
105,18447,bytearray(b'18447-C1'),bytearray(b'Perfumes Olorosos'),bytearray(b'Vigo'),bytearray(b'Existente'),Mujer,bytearray(b'Belleza y perfumer\xc3\xada'),437.569,80,35005.5,7351.15,1997-10-17,bytearray(b'Efectivo')
1,56904,bytearray(b'56904-C1'),bytearray(b'Perfumes Olorosos'),bytearray(b'Vigo'),bytearray(b'Existente'),Mujer,bytearray(b'Belleza y perfumer\xc3\xada'),431.57,42,18125.9,3806.45,1973-09-25,bytearray(b'Tarjeta cr\xc3\xa9dito')
20,72994,bytearray(b'72994-C5'),bytearray(b'Perfumes Olorosos'),bytearray(b'Vigo'),bytearray(b'Nuevo'),Mujer,bytearray(b'Belleza y perfumer\xc3\xada'),14.2491,25,356.227,74.8077,1999-01-07,bytearray(b'Tarjeta cr\xc3\xa9dito')
19,72994,bytearray(b'72994-C4'),bytearray(b'El Caro'),bytearray(b'Nigr\xc3\xa1n'),bytearray(b'Nuevo'),Mujer,bytearray(b'Cocinas'),963.764,1,963.764,202.39,1999-01-07,bytearray(b'Tarjeta cr\xc3\xa9dito')
18,72994,bytearray(b'72994-C3'),bytearray(b'Perfumes Olorosos'),bytearray(b'Vigo'),bytearray(b'Nuevo'),Mujer,bytearray(b'Belleza y perfumer\xc3\xada'),186.744,63,11764.9,2470.62,1999-01-07,bytearray(b'Tarjeta cr\xc3\xa9dito')
14,68893,bytearray(b'68893-C4'),bytearray(b'El Caro'),bytearray(b'Nigr\xc3\xa1n'),bytearray(b'Existente'),Mujer,bytearray(b'Cocinas'),283.584,23,6522.43,1369.71,1972-11-22,bytearray(b'Transferencia bancaria')
15,68893,bytearray(b'68893-C5'),bytearray(b'El Caro'),bytearray(b'Nigr\xc3\xa1n'),bytearray(b'Existente'),Mujer,bytearray(b'Cocinas'),969.136,31,30043.2,6309.07,1972-11-22,bytearray(b'Transferencia bancaria')
17,72994,bytearray(b'72994-C2'),bytearray(b'Mercer\xc3\xada Coso'),bytearray(b'A Coru\xc3\xb1a'),bytearray(b'Nuevo'),Mujer,bytearray(b'Otros'),762.976,91,69430.8,14580.5,1999-01-07,bytearray(b'Tarjeta cr\xc3\xa9dito')
16,72994,bytearray(b'72994-C1'),bytearray(b'Perfumes Olorosos'),bytearray(b'Vigo'),bytearray(b'Nuevo'),Mujer,bytearray(b'Belleza y perfumer\xc3\xada'),327.055,22,7195.21,1510.99,1999-01-07,bytearray(b'Tarjeta cr\xc3\xa9dito')
60,71938,bytearray(b'71938-C1'),bytearray(b'Mercer\xc3\xada Coso'),bytearray(b'A Coru\xc3\xb1a'),bytearray(b'Existente'),,bytearray(b'Otros'),624.463,12,7493.55,1573.65,1975-01-27,bytearray(b'Transferencia bancaria')
240,27943,bytearray(b'27943-C1'),bytearray(b'Perfumes Olorosos'),bytearray(b'Vigo'),bytearray(b'Existente'),Hombre,bytearray(b'Belleza y perfumer\xc3\xada'),64.9447,2,129.889,27.2768,1976-01-03,bytearray(b'Tarjeta cr\xc3\xa9dito')
302,30066,bytearray(b'30066-C1'),bytearray(b'El Cercano'),bytearray(b'Pontevedra'),bytearray(b'Existente'),Hombre,bytearray(b'Supermercado'),247.817,8,1982.54,416.332,1998-02-04,bytearray(b'Efectivo')
303,30066,bytearray(b'30066-C2'),bytearray(b'El Cercano'),bytearray(b'Pontevedra'),bytearray(b'Existente'),Hombre,bytearray(b'Supermercado'),653.992,24,15695.8,3296.12,1998-02-04,bytearray(b'Efectivo')
48,86276,bytearray(b'86276-C1'),bytearray(b'El Primero'),bytearray(b'Vigo'),bytearray(b'Existente'),Hombre,bytearray(b'Supermercado'),497.674,46,22893.0,4807.53,2004-02-12,bytearray(b'Transferencia bancaria')
47,87871,bytearray(b'87871-C2'),bytearray(b'Perfumes Olorosos'),bytearray(b'Vigo'),,Hombre,bytearray(b'Belleza y perfumer\xc3\xada'),564.145,10,5641.45,1184.7,1992-07-08,bytearray(b'Transferencia bancaria')
304,30066,bytearray(b'30066-C3'),bytearray(b'Mercer\xc3\xada Coso'),bytearray(b'A Coru\xc3\xb1a'),bytearray(b'Existente'),Hombre,bytearray(b'Otros'),974.517,20,19490.3,4092.97,1998-02-04,bytearray(b'Efectivo')
305,30066,bytearray(b'30066-C4'),bytearray(b'Mercer\xc3\xada Coso'),bytearray(b'A Coru\xc3\xb1a'),bytearray(b'Existente'),Hombre,bytearray(b'Otros'),131.573,39,5131.33,1077.58,1998-02-04,bytearray(b'Efectivo')
46,87871,bytearray(b'87871-C1'),bytearray(b'Mercer\xc3\xada Coso'),bytearray(b'A Coru\xc3\xb1a'),,Hombre,bytearray(b'Otros'),316.641,74,23431.4,4920.6,1992-07-08,bytearray(b'Transferencia bancaria')
37,76092,bytearray(b'76092-C1'),bytearray(b'El Caro'),bytearray(b'Nigr\xc3\xa1n'),bytearray(b'Existente'),Hombre,bytearray(b'Cocinas'),791.465,53,41947.6,8809.0,2004-11-19,bytearray(b'Transferencia bancaria')
307,30066,bytearray(b'30066-C6'),bytearray(b'El Primero'),bytearray(b'Vigo'),bytearray(b'Existente'),Hombre,bytearray(b'Supermercado'),867.107,90,78039.7,16388.3,1998-02-04,bytearray(b'Efectivo')
306,30066,bytearray(b'30066-C5'),bytearray(b'Perfumes Olorosos'),bytearray(b'Vigo'),bytearray(b'Existente'),Hombre,bytearray(b'Belleza y perfumer\xc3\xada'),814.359,59,48047.2,10089.9,1998-02-04,bytearray(b'Efectivo')
245,27943,bytearray(b'27943-C6'),bytearray(b'El Cercano'),bytearray(b'Pontevedra'),bytearray(b'Existente'),Hombre,bytearray(b'Supermercado'),67.6284,71,4801.61,1008.34,1976-01-03,bytearray(b'Tarjeta cr\xc3\xa9dito')
26,5364,bytearray(b'5364-C2'),bytearray(b'El Cercano'),bytearray(b'Pontevedra'),bytearray(b'Nuevo'),Hombre,bytearray(b'Supermercado'),492.759,24,11826.2,2483.51,1984-12-11,bytearray(b'Efectivo')
243,27943,bytearray(b'27943-C4'),bytearray(b'El Caro'),bytearray(b'Nigr\xc3\xa1n'),bytearray(b'Existente'),Hombre,bytearray(b'Cocinas'),884.447,99,87560.3,18387.7,1976-01-03,bytearray(b'Tarjeta cr\xc3\xa9dito')
242,27943,bytearray(b'27943-C3'),bytearray(b'El Caro'),bytearray(b'Nigr\xc3\xa1n'),bytearray(b'Existente'),Hombre,bytearray(b'Cocinas'),96.8628,35,3390.2,711.941,1976-01-03,bytearray(b'Tarjeta cr\xc3\xa9dito')
241,27943,bytearray(b'27943-C2'),bytearray(b'Mercer\xc3\xada Coso'),bytearray(b'A Coru\xc3\xb1a'),bytearray(b'Existente'),Hombre,bytearray(b'Otros'),648.858,45,29198.6,6131.7,1976-01-03,bytearray(b'Tarjeta cr\xc3\xa9dito')
244,27943,bytearray(b'27943-C5'),bytearray(b'El Primero'),bytearray(b'Vigo'),bytearray(b'Existente'),Hombre,bytearray(b'Supermercado'),985.093,73,71911.8,15101.5,1976-01-03,bytearray(b'Tarjeta cr\xc3\xa9dito')
246,27943,bytearray(b'27943-C7'),bytearray(b'El Cercano'),bytearray(b'Pontevedra'),bytearray(b'Existente'),Hombre,bytearray(b'Supermercado'),47.5806,89,4234.67,889.281,1976-01-03,bytearray(b'Tarjeta cr\xc3\xa9dito')
7,84698,bytearray(b'84698-C1'),bytearray(b'El Cercano'),bytearray(b'Pontevedra'),bytearray(b'Existente'),Hombre,bytearray(b'Supermercado'),166.725,2,333.45,70.0246,1987-10-20,bytearray(b'Transferencia bancaria')
261,51480,bytearray(b'51480-C3'),bytearray(b'El Caro'),bytearray(b'Nigr\xc3\xa1n'),bytearray(b'Nuevo'),Hombre,bytearray(b'Cocinas'),89.9074,58,5214.63,1095.07,1993-10-19,bytearray(b'Tarjeta cr\xc3\xa9dito')
262,51480,bytearray(b'51480-C4'),bytearray(b'Mercer\xc3\xada Coso'),bytearray(b'A Coru\xc3\xb1a'),bytearray(b'Nuevo'),Hombre,bytearray(b'Otros'),673.075,92,61922.9,13003.8,1993-10-19,bytearray(b'Tarjeta cr\xc3\xa9dito')
263,51480,bytearray(b'51480-C5'),bytearray(b'El Caro'),bytearray(b'Nigr\xc3\xa1n'),bytearray(b'Nuevo'),Hombre,bytearray(b'Cocinas'),215.152,71,15275.8,3207.92,1993-10-19,bytearray(b'Tarjeta cr\xc3\xa9dito')
264,51480,bytearray(b'51480-C6'),bytearray(b'Perfumes Olorosos'),bytearray(b'Vigo'),bytearray(b'Nuevo'),Hombre,bytearray(b'Belleza y perfumer\xc3\xada'),612.86,44,26965.9,5662.83,1993-10-19,bytearray(b'Tarjeta cr\xc3\xa9dito')
265,51480,bytearray(b'51480-C7'),bytearray(b'El Caro'),bytearray(b'Nigr\xc3\xa1n'),bytearray(b'Nuevo'),Hombre,bytearray(b'Cocinas'),899.404,25,22485.1,4721.87,1993-10-19,bytearray(b'Tarjeta cr\xc3\xa9dito')
308,30066,bytearray(b'30066-C7'),bytearray(b'Mercer\xc3\xada Coso'),bytearray(b'A Coru\xc3\xb1a'),bytearray(b'Existente'),Hombre,bytearray(b'Otros'),331.618,80,26529.4,5571.18,1998-02-04,bytearray(b'Efectivo')
285,71233,bytearray(b'71233-C2'),bytearray(b'Perfumes Olorosos'),bytearray(b'Vigo'),bytearray(b'Nuevo'),Hombre,bytearray(b'Belleza y perfumer\xc3\xada'),636.154,50,31807.7,6679.62,1972-07-22,bytearray(b'Transferencia bancaria')
284,71233,bytearray(b'71233-C1'),bytearray(b'El Cercano'),bytearray(b'Pontevedra'),bytearray(b'Nuevo'),Hombre,bytearray(b'Supermercado'),975.949,16,15615.2,3279.19,1972-07-22,bytearray(b'Transferencia bancaria')
28,5364,bytearray(b'5364-C4'),bytearray(b'Mercer\xc3\xada Coso'),bytearray(b'A Coru\xc3\xb1a'),bytearray(b'Nuevo'),Hombre,bytearray(b'Otros'),224.978,98,22047.9,4630.05,1984-12-11,bytearray(b'Efectivo')
27,5364,bytearray(b'5364-C3'),bytearray(b'Mercer\xc3\xada Coso'),bytearray(b'A Coru\xc3\xb1a'),bytearray(b'Nuevo'),Hombre,bytearray(b'Otros'),799.474,44,35176.9,7387.14,1984-12-11,bytearray(b'Efectivo')
25,5364,bytearray(b'5364-C1'),bytearray(b'El Caro'),bytearray(b'Nigr\xc3\xa1n'),bytearray(b'Nuevo'),Hombre,bytearray(b'Cocinas'),695.341,61,42415.8,8907.32,1984-12-11,bytearray(b'Efectivo')
260,51480,bytearray(b'51480-C2'),bytearray(b'El Cercano'),bytearray(b'Pontevedra'),bytearray(b'Nuevo'),Hombre,bytearray(b'Supermercado'),548.122,31,16991.8,3568.27,1993-10-19,bytearray(b'Tarjeta cr\xc3\xa9dito')
259,51480,bytearray(b'51480-C1'),bytearray(b'El Cercano'),bytearray(b'Pontevedra'),bytearray(b'Nuevo'),Hombre,bytearray(b'Supermercado'),658.363,96,63202.8,13272.6,1993-10-19,bytearray(b'Tarjeta cr\xc3\xa9dito')
258,28497,bytearray(b'28497-C10'),bytearray(b'El Cercano'),bytearray(b'Pontevedra'),bytearray(b'Nuevo'),Hombre,bytearray(b'Supermercado'),621.679,29,18028.7,3786.02,1988-03-14,bytearray(b'Transferencia bancaria')
247,27943,bytearray(b'27943-C8'),bytearray(b'Perfumes Olorosos'),bytearray(b'Vigo'),bytearray(b'Existente'),Hombre,bytearray(b'Belleza y perfumer\xc3\xada'),561.847,37,20788.3,4365.55,1976-01-03,bytearray(b'Tarjeta cr\xc3\xa9dito')
248,27943,bytearray(b'27943-C9'),bytearray(b'El Primero'),bytearray(b'Vigo'),bytearray(b'Existente'),Hombre,bytearray(b'Supermercado'),279.983,25,6999.57,1469.91,1976-01-03,bytearray(b'Tarjeta cr\xc3\xa9dito')
249,28497,bytearray(b'28497-C1'),bytearray(b'Mercer\xc3\xada Coso'),bytearray(b'A Coru\xc3\xb1a'),bytearray(b'Nuevo'),Hombre,bytearray(b'Otros'),835.481,16,13367.7,2807.22,1988-03-14,bytearray(b'Transferencia bancaria')
250,28497,bytearray(b'28497-C2'),bytearray(b'El Primero'),bytearray(b'Vigo'),bytearray(b'Nuevo'),Hombre,bytearray(b'Supermercado'),646.662,1,646.662,135.799,1988-03-14,bytearray(b'Transferencia bancaria')
251,28497,bytearray(b'28497-C3'),bytearray(b'El Caro'),bytearray(b'Nigr\xc3\xa1n'),bytearray(b'Nuevo'),Hombre,bytearray(b'Cocinas'),462.102,59,27264.0,5725.44,1988-03-14,bytearray(b'Transferencia bancaria')
252,28497,bytearray(b'28497-C4'),bytearray(b'El Primero'),bytearray(b'Vigo'),bytearray(b'Nuevo'),Hombre,bytearray(b'Supermercado'),768.595,68,52264.4,10975.5,1988-03-14,bytearray(b'Transferencia bancaria')
253,28497,bytearray(b'28497-C5'),bytearray(b'Mercer\xc3\xada Coso'),bytearray(b'A Coru\xc3\xb1a'),bytearray(b'Nuevo'),Hombre,bytearray(b'Otros'),599.616,35,20986.6,4407.18,1988-03-14,bytearray(b'Transferencia bancaria')
254,28497,bytearray(b'28497-C6'),bytearray(b'Mercer\xc3\xada Coso'),bytearray(b'A Coru\xc3\xb1a'),bytearray(b'Nuevo'),Hombre,bytearray(b'Otros'),21.7557,89,1936.26,406.614,1988-03-14,bytearray(b'Transferencia bancaria')
255,28497,bytearray(b'28497-C7'),bytearray(b'Mercer\xc3\xada Coso'),bytearray(b'A Coru\xc3\xb1a'),bytearray(b'Nuevo'),Hombre,bytearray(b'Otros'),936.368,87,81464.0,17107.4,1988-03-14,bytearray(b'Transferencia bancaria')
256,28497,bytearray(b'28497-C8'),bytearray(b'El Caro'),bytearray(b'Nigr\xc3\xa1n'),bytearray(b'Nuevo'),Hombre,bytearray(b'Cocinas'),380.886,49,18663.4,3919.32,1988-03-14,bytearray(b'Transferencia bancaria')
257,28497,bytearray(b'28497-C9'),bytearray(b'El Primero'),bytearray(b'Vigo'),bytearray(b'Nuevo'),Hombre,bytearray(b'Supermercado'),766.849,13,9969.04,2093.5,1988-03-14,bytearray(b'Transferencia bancaria')
24,74285,bytearray(b'74285-C1'),bytearray(b'Perfumes Olorosos'),bytearray(b'Vigo'),bytearray(b'Nuevo'),Hombre,bytearray(b'Belleza y perfumer\xc3\xada'),174.413,31,,1135.43,1994-09-13,bytearray(b'Transferencia bancaria')
165,58904,bytearray(b'58904-C4'),bytearray(b'Perfumes Olorosos'),bytearray(b'Vigo'),bytearray(b'Existente'),Hombre,bytearray(b'Belleza y perfumer\xc3\xada'),141.772,81,11483.5,2411.54,1977-06-01,bytearray(b'Tarjeta cr\xc3\xa9dito')
154,29986,bytearray(b'29986-C4'),bytearray(b'Mercer\xc3\xada Coso'),bytearray(b'A Coru\xc3\xb1a'),bytearray(b'Nuevo'),Hombre,bytearray(b'Otros'),881.828,8,7054.62,1481.47,1975-02-21,bytearray(b'Transferencia bancaria')
153,29986,bytearray(b'29986-C3'),bytearray(b'El Cercano'),bytearray(b'Pontevedra'),bytearray(b'Nuevo'),Hombre,bytearray(b'Supermercado'),293.254,14,4105.55,862.166,1975-02-21,bytearray(b'Transferencia bancaria')
152,29986,bytearray(b'29986-C2'),bytearray(b'Perfumes Olorosos'),bytearray(b'Vigo'),bytearray(b'Nuevo'),Hombre,bytearray(b'Belleza y perfumer\xc3\xada'),923.799,83,76675.4,16101.8,1975-02-21,bytearray(b'Transferencia bancaria')
151,29986,bytearray(b'29986-C1'),bytearray(b'El Cercano'),bytearray(b'Pontevedra'),bytearray(b'Nuevo'),Hombre,bytearray(b'Supermercado'),616.73,91,56122.4,11785.7,1975-02-21,bytearray(b'Transferencia bancaria')
150,68207,bytearray(b'68207-C5'),bytearray(b'El Cercano'),bytearray(b'Pontevedra'),bytearray(b'Nuevo'),Hombre,bytearray(b'Supermercado'),237.544,4,950.177,199.537,1994-05-16,bytearray(b'Efectivo')
149,68207,bytearray(b'68207-C4'),bytearray(b'Mercer\xc3\xada Coso'),bytearray(b'A Coru\xc3\xb1a'),bytearray(b'Nuevo'),Hombre,bytearray(b'Otros'),845.609,56,47354.1,9944.36,1994-05-16,bytearray(b'Efectivo')
148,68207,bytearray(b'68207-C3'),bytearray(b'El Cercano'),bytearray(b'Pontevedra'),bytearray(b'Nuevo'),Hombre,bytearray(b'Supermercado'),447.243,19,8497.61,1784.5,1994-05-16,bytearray(b'Efectivo')
147,68207,bytearray(b'68207-C2'),bytearray(b'El Cercano'),bytearray(b'Pontevedra'),bytearray(b'Nuevo'),Hombre,bytearray(b'Supermercado'),428.065,52,22259.4,4674.47,1994-05-16,bytearray(b'Efectivo')
103,28966,bytearray(b'28966-C2'),bytearray(b'El Cercano'),bytearray(b'Pontevedra'),bytearray(b'Existente'),Hombre,bytearray(b'Supermercado'),481.295,45,21658.3,4548.24,1987-04-24,bytearray(b'Transferencia bancaria')
156,29986,bytearray(b'29986-C6'),bytearray(b'Mercer\xc3\xada Coso'),bytearray(b'A Coru\xc3\xb1a'),bytearray(b'Nuevo'),Hombre,bytearray(b'Otros'),658.024,88,57906.1,12160.3,1975-02-21,bytearray(b'Transferencia bancaria')
164,58904,bytearray(b'58904-C3'),bytearray(b'El Primero'),bytearray(b'Vigo'),bytearray(b'Existente'),Hombre,bytearray(b'Supermercado'),24.9952,93,2324.55,488.156,1977-06-01,bytearray(b'Tarjeta cr\xc3\xa9dito')
163,58904,bytearray(b'58904-C2'),bytearray(b'Mercer\xc3\xada Coso'),bytearray(b'A Coru\xc3\xb1a'),bytearray(b'Existente'),Hombre,bytearray(b'Otros'),64.711,50,3235.55,679.466,1977-06-01,bytearray(b'Tarjeta cr\xc3\xa9dito')
162,58904,bytearray(b'58904-C1'),bytearray(b'El Cercano'),bytearray(b'Pontevedra'),bytearray(b'Existente'),Hombre,bytearray(b'Supermercado'),186.268,67,12479.9,2620.79,1977-06-01,bytearray(b'Tarjeta cr\xc3\xa9dito')
98,78844,bytearray(b'78844-C1'),bytearray(b'Mercer\xc3\xada Coso'),bytearray(b'A Coru\xc3\xb1a'),bytearray(b'Existente'),Hombre,bytearray(b'Otros'),536.679,46,24687.2,5184.32,1998-10-24,bytearray(b'Transferencia bancaria')
99,78844,bytearray(b'78844-C2'),bytearray(b'El Primero'),bytearray(b'Vigo'),bytearray(b'Existente'),Hombre,bytearray(b'Supermercado'),51.0945,34,1737.21,364.815,1998-10-24,bytearray(b'Transferencia bancaria')
100,78844,bytearray(b'78844-C3'),bytearray(b'El Cercano'),bytearray(b'Pontevedra'),bytearray(b'Existente'),Hombre,bytearray(b'Supermercado'),73.0453,5,365.226,76.6975,1998-10-24,bytearray(b'Transferencia bancaria')
101,78844,bytearray(b'78844-C4'),bytearray(b'Mercer\xc3\xada Coso'),bytearray(b'A Coru\xc3\xb1a'),bytearray(b'Existente'),Hombre,bytearray(b'Otros'),516.141,89,45936.5,9646.67,1998-10-24,bytearray(b'Transferencia bancaria')
102,28966,bytearray(b'28966-C1'),bytearray(b'Mercer\xc3\xada Coso'),bytearray(b'A Coru\xc3\xb1a'),bytearray(b'Existente'),Hombre,bytearray(b'Otros'),116.843,88,10282.2,2159.25,1987-04-24,bytearray(b'Transferencia bancaria')
146,68207,bytearray(b'68207-C1'),bytearray(b'El Cercano'),bytearray(b'Pontevedra'),bytearray(b'Nuevo'),Hombre,bytearray(b'Supermercado'),788.808,92,72570.4,15239.8,1994-05-16,bytearray(b'Efectivo')
104,28966,bytearray(b'28966-C3'),bytearray(b'El Cercano'),bytearray(b'Pontevedra'),bytearray(b'Existente'),Hombre,bytearray(b'Supermercado'),883.746,92,81304.6,17074.0,1987-04-24,bytearray(b'Transferencia bancaria')
106,28966,bytearray(b'28966-C4'),bytearray(b'Perfumes Olorosos'),bytearray(b'Vigo'),bytearray(b'Existente'),Hombre,bytearray(b'Belleza y perfumer\xc3\xada'),60.1429,77,4631.0,972.51,1987-04-24,bytearray(b'Transferencia bancaria')
127,71084,bytearray(b'71084-C1'),bytearray(b'El Primero'),bytearray(b'Vigo'),bytearray(b'Existente'),Hombre,bytearray(b'Supermercado'),949.383,72,68355.6,14354.7,2002-03-26,bytearray(b'Efectivo')
126,3800,bytearray(b'3800-C5'),bytearray(b'El Caro'),bytearray(b'Nigr\xc3\xa1n'),bytearray(b'Existente'),Hombre,bytearray(b'Cocinas'),128.651,72,9262.87,1945.2,1990-04-15,bytearray(b'Tarjeta cr\xc3\xa9dito')
125,3800,bytearray(b'3800-C4'),bytearray(b'Perfumes Olorosos'),bytearray(b'Vigo'),bytearray(b'Existente'),Hombre,bytearray(b'Belleza y perfumer\xc3\xada'),762.32,58,44214.5,9285.05,1990-04-15,bytearray(b'Tarjeta cr\xc3\xa9dito')
124,3800,bytearray(b'3800-C3'),bytearray(b'Perfumes Olorosos'),bytearray(b'Vigo'),bytearray(b'Existente'),Hombre,bytearray(b'Belleza y perfumer\xc3\xada'),187.508,93,17438.3,3662.03,1990-04-15,bytearray(b'Tarjeta cr\xc3\xa9dito')
123,3800,bytearray(b'3800-C2'),bytearray(b'El Cercano'),bytearray(b'Pontevedra'),bytearray(b'Existente'),Hombre,bytearray(b'Supermercado'),109.331,29,3170.59,665.823,1990-04-15,bytearray(b'Tarjeta cr\xc3\xa9dito')
122,3800,bytearray(b'3800-C1'),bytearray(b'Mercer\xc3\xada Coso'),bytearray(b'A Coru\xc3\xb1a'),bytearray(b'Existente'),Hombre,bytearray(b'Otros'),492.653,70,34485.7,7242.0,1990-04-15,bytearray(b'Tarjeta cr\xc3\xa9dito')
121,77345,bytearray(b'77345-C3'),bytearray(b'El Caro'),bytearray(b'Nigr\xc3\xa1n'),bytearray(b'Nuevo'),Hombre,bytearray(b'Cocinas'),897.629,50,44881.5,9425.11,1975-05-28,bytearray(b'Tarjeta cr\xc3\xa9dito')
120,77345,bytearray(b'77345-C2'),bytearray(b'Mercer\xc3\xada Coso'),bytearray(b'A Coru\xc3\xb1a'),bytearray(b'Nuevo'),Hombre,bytearray(b'Otros'),660.657,54,35675.5,7491.85,1975-05-28,bytearray(b'Tarjeta cr\xc3\xa9dito')
128,71084,bytearray(b'71084-C2'),bytearray(b'El Cercano'),bytearray(b'Pontevedra'),bytearray(b'Existente'),Hombre,bytearray(b'Supermercado'),677.966,97,65762.7,13810.2,2002-03-26,bytearray(b'Efectivo')
129,71084,bytearray(b'71084-C3'),bytearray(b'El Cercano'),bytearray(b'Pontevedra'),bytearray(b'Existente'),Hombre,bytearray(b'Supermercado'),962.107,32,30787.4,6465.36,2002-03-26,bytearray(b'Efectivo')
107,28966,bytearray(b'28966-C5'),bytearray(b'Mercer\xc3\xada Coso'),bytearray(b'A Coru\xc3\xb1a'),bytearray(b'Existente'),Hombre,bytearray(b'Otros'),444.14,77,34198.7,7181.74,1987-04-24,bytearray(b'Transferencia bancaria')
108,44903,bytearray(b'44903-C1'),bytearray(b'El Cercano'),bytearray(b'Pontevedra'),bytearray(b'Nuevo'),Hombre,bytearray(b'Supermercado'),88.2576,28,2471.21,518.955,2003-08-10,bytearray(b'Efectivo')
109,44903,bytearray(b'44903-C2'),bytearray(b'El Cercano'),bytearray(b'Pontevedra'),bytearray(b'Nuevo'),Hombre,bytearray(b'Supermercado'),467.87,58,27136.4,5698.65,2003-08-10,bytearray(b'Efectivo')
110,44903,bytearray(b'44903-C3'),bytearray(b'El Caro'),bytearray(b'Nigr\xc3\xa1n'),bytearray(b'Nuevo'),Hombre,bytearray(b'Cocinas'),889.083,75,66681.2,14003.1,2003-08-10,bytearray(b'Efectivo')
111,44903,bytearray(b'44903-C4'),bytearray(b'Mercer\xc3\xada Coso'),bytearray(b'A Coru\xc3\xb1a'),bytearray(b'Nuevo'),Hombre,bytearray(b'Otros'),673.681,30,20210.4,4244.19,2003-08-10,bytearray(b'Efectivo')
112,44903,bytearray(b'44903-C5'),bytearray(b'El Caro'),bytearray(b'Nigr\xc3\xa1n'),bytearray(b'Nuevo'),Hombre,bytearray(b'Cocinas'),408.712,5,2043.56,429.148,2003-08-10,bytearray(b'Efectivo')
113,44903,bytearray(b'44903-C6'),bytearray(b'Perfumes Olorosos'),bytearray(b'Vigo'),bytearray(b'Nuevo'),Hombre,bytearray(b'Belleza y perfumer\xc3\xada'),186.911,17,3177.49,667.274,2003-08-10,bytearray(b'Efectivo')
130,71084,bytearray(b'71084-C4'),bytearray(b'Mercer\xc3\xada Coso'),bytearray(b'A Coru\xc3\xb1a'),bytearray(b'Existente'),Hombre,bytearray(b'Otros'),298.898,56,16738.3,3515.04,2002-03-26,bytearray(b'Efectivo')
119,77345,bytearray(b'77345-C1'),bytearray(b'Mercer\xc3\xada Coso'),bytearray(b'A Coru\xc3\xb1a'),bytearray(b'Nuevo'),Hombre,bytearray(b'Otros'),318.362,51,16236.5,3409.66,1975-05-28,bytearray(b'Tarjeta cr\xc3\xa9dito')
97,55280,bytearray(b'55280-C6'),bytearray(b'El Caro'),bytearray(b'Nigr\xc3\xa1n'),bytearray(b'Existente'),Hombre,bytearray(b'Cocinas'),507.202,42,21302.5,4473.52,1997-03-18,bytearray(b'Efectivo')
49,86276,bytearray(b'86276-C2'),bytearray(b'El Cercano'),bytearray(b'Pontevedra'),bytearray(b'Existente'),Hombre,bytearray(b'Supermercado'),846.164,68,57539.2,12083.2,2004-02-12,bytearray(b'Transferencia bancaria')
213,95073,bytearray(b'95073-C2'),bytearray(b'El Primero'),bytearray(b'Vigo'),bytearray(b'Existente'),Hombre,bytearray(b'Supermercado'),373.974,89,33283.6,6989.56,1987-10-06,bytearray(b'Efectivo')
212,95073,bytearray(b'95073-C1'),bytearray(b'El Caro'),bytearray(b'Nigr\xc3\xa1n'),bytearray(b'Existente'),Hombre,bytearray(b'Cocinas'),667.508,12,8010.09,1682.12,1987-10-06,bytearray(b'Efectivo')
53,86276,bytearray(b'86276-C5'),bytearray(b'Mercer\xc3\xada Coso'),bytearray(b'A Coru\xc3\xb1a'),bytearray(b'Existente'),Hombre,bytearray(b'Otros'),605.975,58,35146.6,7380.78,2004-02-12,bytearray(b'Transferencia bancaria')
54,98183,bytearray(b'98183-C1'),bytearray(b'El Primero'),bytearray(b'Vigo'),bytearray(b'Nuevo'),Hombre,bytearray(b'Supermercado'),449.424,41,18426.4,3869.54,1970-07-01,bytearray(b'Efectivo')
55,98183,bytearray(b'98183-C2'),bytearray(b'El Primero'),bytearray(b'Vigo'),bytearray(b'Nuevo'),Hombre,bytearray(b'Supermercado'),927.798,60,55667.9,11690.3,1970-07-01,bytearray(b'Efectivo')
56,98183,bytearray(b'98183-C3'),bytearray(b'Mercer\xc3\xada Coso'),bytearray(b'A Coru\xc3\xb1a'),bytearray(b'Nuevo'),Hombre,bytearray(b'Otros'),488.711,78,38119.5,8005.09,1970-07-01,bytearray(b'Efectivo')
57,98183,bytearray(b'98183-C4'),bytearray(b'El Caro'),bytearray(b'Nigr\xc3\xa1n'),bytearray(b'Nuevo'),Hombre,bytearray(b'Cocinas'),793.989,63,50021.3,10504.5,1970-07-01,bytearray(b'Efectivo')
58,98183,bytearray(b'98183-C5'),bytearray(b'El Cercano'),bytearray(b'Pontevedra'),bytearray(b'Nuevo'),Hombre,bytearray(b'Supermercado'),268.402,25,6710.05,1409.11,1970-07-01,bytearray(b'Efectivo')
214,40579,bytearray(b'40579-C1'),bytearray(b'Perfumes Olorosos'),bytearray(b'Vigo'),bytearray(b'Nuevo'),Hombre,bytearray(b'Belleza y perfumer\xc3\xada'),631.531,12,7578.38,1591.46,2003-07-21,bytearray(b'Tarjeta cr\xc3\xa9dito')
215,40579,bytearray(b'40579-C2'),bytearray(b'El Cercano'),bytearray(b'Pontevedra'),bytearray(b'Nuevo'),Hombre,bytearray(b'Supermercado'),307.249,84,25808.9,5419.86,2003-07-21,bytearray(b'Tarjeta cr\xc3\xa9dito')
50,86276,bytearray(b'86276-C3'),bytearray(b'El Primero'),bytearray(b'Vigo'),bytearray(b'Existente'),Hombre,bytearray(b'Supermercado'),899.785,79,71083.0,14927.4,2004-02-12,bytearray(b'Transferencia bancaria')
52,86276,bytearray(b'86276-C4'),bytearray(b'El Caro'),bytearray(b'Nigr\xc3\xa1n'),bytearray(b'Existente'),Hombre,bytearray(b'Cocinas'),55.7308,3,167.192,35.1104,2004-02-12,bytearray(b'Transferencia bancaria')
221,40579,bytearray(b'40579-C8'),bytearray(b'El Primero'),bytearray(b'Vigo'),bytearray(b'Nuevo'),Hombre,bytearray(b'Supermercado'),302.328,59,17837.4,3745.85,2003-07-21,bytearray(b'Tarjeta cr\xc3\xa9dito')
220,40579,bytearray(b'40579-C7'),bytearray(b'Mercer\xc3\xada Coso'),bytearray(b'A Coru\xc3\xb1a'),bytearray(b'Nuevo'),Hombre,bytearray(b'Otros'),550.64,62,34139.7,7169.34,2003-07-21,bytearray(b'Tarjeta cr\xc3\xa9dito')
219,40579,bytearray(b'40579-C6'),bytearray(b'Mercer\xc3\xada Coso'),bytearray(b'A Coru\xc3\xb1a'),bytearray(b'Nuevo'),Hombre,bytearray(b'Otros'),588.646,4,2354.58,494.462,2003-07-21,bytearray(b'Tarjeta cr\xc3\xa9dito')
218,40579,bytearray(b'40579-C5'),bytearray(b'Mercer\xc3\xada Coso'),bytearray(b'A Coru\xc3\xb1a'),bytearray(b'Nuevo'),Hombre,bytearray(b'Otros'),250.849,66,16556.1,3476.77,2003-07-21,bytearray(b'Tarjeta cr\xc3\xa9dito')
217,40579,bytearray(b'40579-C4'),bytearray(b'El Primero'),bytearray(b'Vigo'),bytearray(b'Nuevo'),Hombre,bytearray(b'Supermercado'),847.156,18,15248.8,3202.25,2003-07-21,bytearray(b'Tarjeta cr\xc3\xa9dito')
216,40579,bytearray(b'40579-C3'),bytearray(b'Perfumes Olorosos'),bytearray(b'Vigo'),bytearray(b'Nuevo'),Hombre,bytearray(b'Belleza y perfumer\xc3\xada'),595.483,9,5359.34,1125.46,2003-07-21,bytearray(b'Tarjeta cr\xc3\xa9dito')
59,98183,bytearray(b'98183-C6'),bytearray(b'El Caro'),bytearray(b'Nigr\xc3\xa1n'),bytearray(b'Nuevo'),Hombre,bytearray(b'Cocinas'),832.881,65,54137.3,11368.8,1970-07-01,bytearray(b'Efectivo')
66,96811,bytearray(b'96811-C1'),bytearray(b'Perfumes Olorosos'),bytearray(b'Vigo'),bytearray(b'Nuevo'),Hombre,bytearray(b'Belleza y perfumer\xc3\xada'),706.806,83,58664.9,12319.6,1995-04-30,bytearray(b'Efectivo')
155,29986,bytearray(b'29986-C5'),bytearray(b'Perfumes Olorosos'),bytearray(b'Vigo'),bytearray(b'Nuevo'),Hombre,bytearray(b'Belleza y perfumer\xc3\xada'),388.248,35,13588.7,2853.62,1975-02-21,bytearray(b'Transferencia bancaria')
83,28324,bytearray(b'28324-C4'),bytearray(b'El Primero'),bytearray(b'Vigo'),bytearray(b'Existente'),Hombre,bytearray(b'Supermercado'),914.693,52,47564.1,9988.45,1991-10-29,bytearray(b'Transferencia bancaria')
84,28324,bytearray(b'28324-C5'),bytearray(b'El Primero'),bytearray(b'Vigo'),bytearray(b'Existente'),Hombre,bytearray(b'Supermercado'),590.447,58,34245.9,7191.64,1991-10-29,bytearray(b'Transferencia bancaria')
85,78031,bytearray(b'78031-C1'),bytearray(b'El Cercano'),bytearray(b'Pontevedra'),bytearray(b'Nuevo'),Hombre,bytearray(b'Supermercado'),440.632,29,12778.3,2683.45,1983-11-13,bytearray(b'Transferencia bancaria')
86,78031,bytearray(b'78031-C2'),bytearray(b'Mercer\xc3\xada Coso'),bytearray(b'A Coru\xc3\xb1a'),bytearray(b'Nuevo'),Hombre,bytearray(b'Otros'),854.44,44,37595.4,7895.02,1983-11-13,bytearray(b'Transferencia bancaria')
92,55280,bytearray(b'55280-C1'),bytearray(b'El Caro'),bytearray(b'Nigr\xc3\xa1n'),bytearray(b'Existente'),Hombre,bytearray(b'Cocinas'),71.0205,48,3408.98,715.887,1997-03-18,bytearray(b'Efectivo')
93,55280,bytearray(b'55280-C2'),bytearray(b'El Cercano'),bytearray(b'Pontevedra'),bytearray(b'Existente'),Hombre,bytearray(b'Supermercado'),323.166,40,12926.6,2714.59,1997-03-18,bytearray(b'Efectivo')
94,55280,bytearray(b'55280-C3'),bytearray(b'El Cercano'),bytearray(b'Pontevedra'),bytearray(b'Existente'),Hombre,bytearray(b'Supermercado'),387.141,14,5419.98,1138.2,1997-03-18,bytearray(b'Efectivo')
95,55280,bytearray(b'55280-C4'),bytearray(b'El Primero'),bytearray(b'Vigo'),bytearray(b'Existente'),Hombre,bytearray(b'Supermercado'),586.179,56,32826.0,6893.47,1997-03-18,bytearray(b'Efectivo')
82,28324,bytearray(b'28324-C3'),bytearray(b'Mercer\xc3\xada Coso'),bytearray(b'A Coru\xc3\xb1a'),bytearray(b'Existente'),Hombre,bytearray(b'Otros'),45.3726,79,3584.44,752.732,1991-10-29,bytearray(b'Transferencia bancaria')
81,28324,bytearray(b'28324-C2'),bytearray(b'El Caro'),bytearray(b'Nigr\xc3\xa1n'),bytearray(b'Existente'),Hombre,bytearray(b'Cocinas'),877.293,34,29828.0,6263.87,1991-10-29,bytearray(b'Transferencia bancaria')
73,31349,bytearray(b'31349-C1'),bytearray(b'El Cercano'),bytearray(b'Pontevedra'),bytearray(b'Existente'),Hombre,bytearray(b'Supermercado'),245.144,32,7844.62,1647.37,1990-01-06,bytearray(b'Tarjeta cr\xc3\xa9dito')
74,31349,bytearray(b'31349-C2'),bytearray(b'Perfumes Olorosos'),bytearray(b'Vigo'),bytearray(b'Existente'),Hombre,bytearray(b'Belleza y perfumer\xc3\xada'),634.476,58,36799.6,7727.91,1990-01-06,bytearray(b'Tarjeta cr\xc3\xa9dito')
75,31349,bytearray(b'31349-C3'),bytearray(b'El Caro'),bytearray(b'Nigr\xc3\xa1n'),bytearray(b'Existente'),Hombre,bytearray(b'Cocinas'),431.53,31,13377.4,2809.26,1990-01-06,bytearray(b'Tarjeta cr\xc3\xa9dito')
76,31349,bytearray(b'31349-C4'),bytearray(b'El Caro'),bytearray(b'Nigr\xc3\xa1n'),bytearray(b'Existente'),Hombre,bytearray(b'Cocinas'),348.613,98,34164.0,7174.45,1990-01-06,bytearray(b'Tarjeta cr\xc3\xa9dito')
77,31349,bytearray(b'31349-C5'),bytearray(b'El Primero'),bytearray(b'Vigo'),bytearray(b'Existente'),Hombre,bytearray(b'Supermercado'),376.037,80,30083.0,6317.43,1990-01-06,bytearray(b'Tarjeta cr\xc3\xa9dito')
78,31349,bytearray(b'31349-C6'),bytearray(b'El Primero'),bytearray(b'Vigo'),bytearray(b'Existente'),Hombre,bytearray(b'Supermercado'),290.638,55,15985.1,3356.87,1990-01-06,bytearray(b'Tarjeta cr\xc3\xa9dito')
79,23052,bytearray(b'23052-C1'),bytearray(b'Perfumes Olorosos'),bytearray(b'Vigo'),bytearray(b'Nuevo'),Hombre,bytearray(b'Belleza y perfumer\xc3\xada'),,32,,,1975-02-12,bytearray(b'Transferencia bancaria')
80,28324,bytearray(b'28324-C1'),bytearray(b'El Primero'),bytearray(b'Vigo'),bytearray(b'Existente'),Hombre,bytearray(b'Supermercado'),824.503,26,21437.1,4501.78,1991-10-29,bytearray(b'Transferencia bancaria')
96,55280,bytearray(b'55280-C5'),bytearray(b'El Cercano'),bytearray(b'Pontevedra'),bytearray(b'Existente'),Hombre,bytearray(b'Supermercado'),32.0073,77,2464.56,517.558,1997-03-18,bytearray(b'Efectivo')
